﻿<?xml version="1.0" encoding="utf-8"?>
<publishData>
  <publishProfile publishUrl="\\WEBSERVER-VM\gcg\Gift Card Genie" deleteExistingFiles="False" ftpAnonymousLogin="False" ftpPassiveMode="True" msdeploySite="" msdeploySiteID="" msdeployRemoteSitePhysicalPath="" msdeployAllowUntrustedCertificate="False" msdeploySkipExtraFilesOnServer="True" msdeployMarkAsApp="False" profileName="Copy to GCG" publishMethod="FileSystem" replaceMatchingFiles="True" userName="" savePWD="False" userPWD="" SelectedForPublish="True">
    <file relUrl="GCGWebCSS/png/strikethrough.png" publishTime="04/01/2014 19:04:54" />
    <file relUrl="GCGWebCSS/png/gift.png" publishTime="04/01/2014 19:04:54" />
    <file relUrl="GCGWebCSS/png/chevron-circle-down.png" publishTime="04/01/2014 19:04:54" />
    <file relUrl="GCGWebCSS/images/icons-png/bars-black.png" publishTime="12/19/2013 10:34:30" />
    <file relUrl="ShowVendorsToAdd.aspx" publishTime="08/13/2013 21:54:43" />
    <file relUrl="GCGWebCSS/png/bullhorn.png" publishTime="04/01/2014 19:04:54" />
    <file relUrl="GCGWebCSS/images/icons-svg/arrow-u-black.svg" publishTime="12/19/2013 10:34:30" />
    <file relUrl="IASystemParamsData.aspx" publishTime="11/20/2013 14:22:14" />
    <file relUrl="GCGWebCSS/png/frown-o.png" publishTime="04/01/2014 19:04:54" />
    <file relUrl="GCGWebCSS/png/euro.png" publishTime="04/01/2014 19:04:54" />
    <file relUrl="GCGWebCSS/images/icons-png/plus-white.png" publishTime="12/19/2013 10:34:30" />
    <file relUrl="GCGWebCSS/png/crosshairs.png" publishTime="04/01/2014 19:04:54" />
    <file relUrl="GCGWebCSS/png/sort-up.png" publishTime="04/01/2014 19:04:54" />
    <file relUrl="GCGWebCSS/png/hand-o-right.png" publishTime="04/01/2014 19:04:54" />
    <file relUrl="GCGWebCSS/png/text-width.png" publishTime="04/01/2014 19:04:54" />
    <file relUrl="GCGWebCSS/images/icons-svg/user-black.svg" publishTime="12/19/2013 10:34:30" />
    <file relUrl="GCGWebCSS/png/envelope.png" publishTime="04/01/2014 19:04:54" />
    <file relUrl="GCGWebCSS/png/pinterest.png" publishTime="04/01/2014 19:04:54" />
    <file relUrl="GCGWebCSS/png/pinterest-square.png" publishTime="04/01/2014 19:04:54" />
    <file relUrl="GCGWebCSS/images/icons-png/mail-black.png" publishTime="12/19/2013 10:34:30" />
    <file relUrl="GCGWebCSS/png/dot-circle-o.png" publishTime="04/01/2014 19:04:54" />
    <file relUrl="GCGWebCSS/images/icons-png/forbidden-white.png" publishTime="12/19/2013 10:34:30" />
    <file relUrl="GCGWebCSS/png/gbp.png" publishTime="04/01/2014 19:04:54" />
    <file relUrl="GCGWebCSS/png/arrow-circle-down.png" publishTime="04/01/2014 19:04:54" />
    <file relUrl="GCGWebCSS/png/inbox.png" publishTime="04/01/2014 19:04:54" />
    <file relUrl="GCGWebCSS/png/music.png" publishTime="04/01/2014 19:04:54" />
    <file relUrl="GCGWebCSS/images/icons-png/carat-r-black.png" publishTime="12/19/2013 10:34:30" />
    <file relUrl="GCGWebCSS/images/icons-png/gear-white.png" publishTime="12/19/2013 10:34:30" />
    <file relUrl="GCGWebCSS/png/wheelchair.png" publishTime="04/01/2014 19:04:54" />
    <file relUrl="GCGWebCSS/png/code.png" publishTime="04/01/2014 19:04:54" />
    <file relUrl="GCGWebCSS/png/microphone.png" publishTime="04/01/2014 19:04:54" />
    <file relUrl="GCGWebCSS/png/anchor.png" publishTime="04/01/2014 19:04:54" />
    <file relUrl="GCGWebCSS/png/linkedin-square.png" publishTime="04/01/2014 19:04:54" />
    <file relUrl="GCGWebCSS/images/icons-svg/bars-white.svg" publishTime="12/19/2013 10:34:30" />
    <file relUrl="GCGWebCSS/images/icons-png/gear-black.png" publishTime="12/19/2013 10:34:30" />
    <file relUrl="GCGWebCSS/png/unlock-alt.png" publishTime="04/01/2014 19:04:54" />
    <file relUrl="GCGWebCSS/images/icons-svg/comment-white.svg" publishTime="12/19/2013 10:34:30" />
    <file relUrl="GCGWebCSS/images/icons-png/refresh-white.png" publishTime="12/19/2013 10:34:30" />
    <file relUrl="GCGWebCSS/images/icons-png/arrow-u-l-white.png" publishTime="12/19/2013 10:34:30" />
    <file relUrl="GCGWebCSS/png/xing.png" publishTime="04/01/2014 19:04:54" />
    <file relUrl="GCGWebCSS/png/comments.png" publishTime="04/01/2014 19:04:54" />
    <file relUrl="GCGWebCSS/png/times.png" publishTime="04/01/2014 19:04:54" />
    <file relUrl="GCGWebCSS/png/tint.png" publishTime="04/01/2014 19:04:54" />
    <file relUrl="Message.aspx" publishTime="08/13/2013 21:54:43" />
    <file relUrl="GCGWebCSS/images/icons-png/grid-white.png" publishTime="12/19/2013 10:34:30" />
    <file relUrl="GCGWebCSS/images/icons-png/recycle-white.png" publishTime="12/19/2013 10:34:30" />
    <file relUrl="GCGWebCSS/images/icons-svg/info-black.svg" publishTime="12/19/2013 10:34:30" />
    <file relUrl="GCGWebCSS/images/icons-png/arrow-d-white.png" publishTime="12/19/2013 10:34:30" />
    <file relUrl="GCGWebCSS/png/css3.png" publishTime="04/01/2014 19:04:54" />
    <file relUrl="GCGWebCSS/png/table.png" publishTime="04/01/2014 19:04:54" />
    <file relUrl="GCGWebCSS/images/icons-svg/location-white.svg" publishTime="12/19/2013 10:34:30" />
    <file relUrl="GCGWebCSS/png/magic.png" publishTime="04/01/2014 19:04:54" />
    <file relUrl="GCGWebCSS/png/arrow-circle-left.png" publishTime="04/01/2014 19:04:54" />
    <file relUrl="GCGWebCSS/images/icons-png/edit-white.png" publishTime="12/19/2013 10:34:30" />
    <file relUrl="GCGWebCSS/images/icons-svg/cloud-black.svg" publishTime="12/19/2013 10:34:30" />
    <file relUrl="GCGWebCSS/png/magnet.png" publishTime="04/01/2014 19:04:54" />
    <file relUrl="GCGWebCSS/images/icons-png/navigation-white.png" publishTime="12/19/2013 10:34:30" />
    <file relUrl="GCGWebCSS/images/icons-svg/arrow-d-white.svg" publishTime="12/19/2013 10:34:30" />
    <file relUrl="GCGWebCSS/images/icons-svg/navigation-black.svg" publishTime="12/19/2013 10:34:30" />
    <file relUrl="GCGWebCSS/png/rocket.png" publishTime="04/01/2014 19:04:54" />
    <file relUrl="TestPage.aspx" publishTime="12/31/2013 16:53:51" />
    <file relUrl="GCGWebCSS/png/inr.png" publishTime="04/01/2014 19:04:54" />
    <file relUrl="GCGWebCSS/images/icons-svg/mail-white.svg" publishTime="12/19/2013 10:34:30" />
    <file relUrl="GCGWebCSS/images/icons-svg/calendar-white.svg" publishTime="12/19/2013 10:34:30" />
    <file relUrl="GCGWebCSS/jquery.mobile.external-png-1.4.0.min.css" publishTime="12/19/2013 10:34:30" />
    <file relUrl="GCGWebCSS/images/icons-svg/clock-white.svg" publishTime="12/19/2013 10:34:30" />
    <file relUrl="GCGWebCSS/images/icons-svg/check-black.svg" publishTime="12/19/2013 10:34:30" />
    <file relUrl="GCGWebCSS/images/icons-png/carat-u-black.png" publishTime="12/19/2013 10:34:30" />
    <file relUrl="GCGWebCSS/images/icons-svg/recycle-black.svg" publishTime="12/19/2013 10:34:30" />
    <file relUrl="PopupIAMerchantUploader.aspx" publishTime="11/20/2013 14:43:09" />
    <file relUrl="GCGWebCSS/png/ticket.png" publishTime="04/01/2014 19:04:54" />
    <file relUrl="GCGWebCSS/png/linux.png" publishTime="04/01/2014 19:04:54" />
    <file relUrl="GCGWebCSS/png/asterisk.png" publishTime="04/01/2014 19:04:54" />
    <file relUrl="bin/AppAdminSite.pdb" publishTime="07/11/2014 01:20:51" />
    <file relUrl="GCGWebCSS/png/tumblr.png" publishTime="04/01/2014 19:04:54" />
    <file relUrl="GCGWebCSS/images/icons-png/shop-black.png" publishTime="12/19/2013 10:34:30" />
    <file relUrl="GCGWebCSS/images/icons-png/power-white.png" publishTime="12/19/2013 10:34:30" />
    <file relUrl="GCGWebCSS/images/icons-svg/audio-black.svg" publishTime="12/19/2013 10:34:30" />
    <file relUrl="GCGWebCSS/png/scissors.png" publishTime="04/01/2014 19:04:54" />
    <file relUrl="GCGWebCSS/images/icons-png/shop-white.png" publishTime="12/19/2013 10:34:30" />
    <file relUrl="GCGDiag.htm" publishTime="04/13/2014 03:06:59" />
    <file relUrl="GCGWebCSS/png/times-circle.png" publishTime="04/01/2014 19:04:54" />
    <file relUrl="GCGWebCSS/png/arrow-left.png" publishTime="04/01/2014 19:04:54" />
    <file relUrl="GCGWebCSS/images/icons-png/phone-white.png" publishTime="12/19/2013 10:34:30" />
    <file relUrl="spinner.gif" publishTime="12/19/2013 13:52:02" />
    <file relUrl="GCGWeb.js" publishTime="04/20/2014 23:59:05" />
    <file relUrl="GCGWebCSS/png/file-o.png" publishTime="04/01/2014 19:04:54" />
    <file relUrl="GCGWebCSS/png/youtube.png" publishTime="04/01/2014 19:04:54" />
    <file relUrl="GCGWebCSS/images/icons-png/arrow-l-white.png" publishTime="12/19/2013 10:34:30" />
    <file relUrl="GCGWebCSS/images/icons-png/power-black.png" publishTime="12/19/2013 10:34:30" />
    <file relUrl="GCGWebCSS/png/flag-o.png" publishTime="04/01/2014 19:04:54" />
    <file relUrl="GCGWebCSS/png/fire.png" publishTime="04/01/2014 19:04:54" />
    <file relUrl="GCGWebCSS/png/pause.png" publishTime="04/01/2014 19:04:54" />
    <file relUrl="GCGWebCSS/png/stack-overflow.png" publishTime="04/01/2014 19:04:54" />
    <file relUrl="GCGWebImages/8080Metrics.jpg" publishTime="12/27/2013 23:27:09" />
    <file relUrl="GCGWebReg.htm" publishTime="02/27/2014 23:16:52" />
    <file relUrl="GCGWebCSS/png/rotate-right.png" publishTime="04/01/2014 19:04:54" />
    <file relUrl="GCGWebCSS/png/th-large.png" publishTime="04/01/2014 19:04:54" />
    <file relUrl="GCGWebCSS/png/search-minus.png" publishTime="04/01/2014 19:04:54" />
    <file relUrl="GCGWebCSS/images/icons-png/location-black.png" publishTime="12/19/2013 10:34:30" />
    <file relUrl="GCGWebCSS/images/icons-svg/refresh-black.svg" publishTime="12/19/2013 10:34:30" />
    <file relUrl="GCGAdminWeb.htm" publishTime="12/29/2013 23:00:47" />
    <file relUrl="GCGWebCSS/png/caret-right.png" publishTime="04/01/2014 19:04:54" />
    <file relUrl="GCGWebCSS/images/icons-png/carat-d-black.png" publishTime="12/19/2013 10:34:30" />
    <file relUrl="GCGWebCSS/jquery.mobile.icons-1.4.0.min.css" publishTime="12/19/2013 10:34:30" />
    <file relUrl="GCGWebCSS/png/comment-o.png" publishTime="04/01/2014 19:04:54" />
    <file relUrl="GCGWebCSS/png/star-half-o.png" publishTime="04/01/2014 19:04:54" />
    <file relUrl="GCGC/Login.aspx" publishTime="03/09/2014 14:01:19" />
    <file relUrl="GCGWebCSS/png/puzzle-piece.png" publishTime="04/01/2014 19:04:54" />
    <file relUrl="GCGWebCSS/png/angle-double-up.png" publishTime="04/01/2014 19:04:54" />
    <file relUrl="GCGWebCSS/png/youtube-square.png" publishTime="04/01/2014 19:04:54" />
    <file relUrl="GCGWebCSS/images/icons-svg/user-white.svg" publishTime="12/19/2013 10:34:30" />
    <file relUrl="GCGWebCSS/png/shield.png" publishTime="04/01/2014 19:04:54" />
    <file relUrl="GCGWebCSS/images/icons-png/mail-white.png" publishTime="12/19/2013 10:34:30" />
    <file relUrl="GCGWebCSS/png/html5.png" publishTime="04/01/2014 19:04:54" />
    <file relUrl="GCGWebJS/GCGAdminWeb.js" publishTime="01/01/2014 21:12:19" />
    <file relUrl="GCGWebCSS/jquery.mobile.inline-svg-1.4.0.min.css" publishTime="12/19/2013 10:34:30" />
    <file relUrl="GCGWebCSS/png/sort-amount-asc.png" publishTime="04/01/2014 19:04:54" />
    <file relUrl="GCGWebCSS/images/icons-svg/edit-white.svg" publishTime="12/19/2013 10:34:30" />
    <file relUrl="GCGWebCSS/png/lock.png" publishTime="04/01/2014 19:04:54" />
    <file relUrl="GCGWebCSS/png/exclamation-circle.png" publishTime="04/01/2014 19:04:54" />
    <file relUrl="GCGWebCSS/png/vk3.png" publishTime="04/01/2014 19:04:54" />
    <file relUrl="GCGWebCSS/png/toggle-right.png" publishTime="04/01/2014 19:04:54" />
    <file relUrl="GCGWebCSS/png/comment.png" publishTime="04/01/2014 19:04:54" />
    <file relUrl="GCGWebCSS/png/signal.png" publishTime="04/01/2014 19:04:54" />
    <file relUrl="GCGWebImages/5.png" publishTime="12/16/2013 17:09:54" />
    <file relUrl="GCGWebJS/jquery.alerts.js" publishTime="12/23/2013 00:40:52" />
    <file relUrl="GCGWork.htm" publishTime="04/02/2014 23:46:56" />
    <file relUrl="GCGWebCSS/png/arrow-circle-o-down.png" publishTime="04/01/2014 19:04:54" />
    <file relUrl="GCGWebCSS/png/chevron-circle-up.png" publishTime="04/01/2014 19:04:54" />
    <file relUrl="bin/GCGCommon.pdb" publishTime="07/11/2014 01:20:48" />
    <file relUrl="GCGWebCSS/images/icons-svg/arrow-l-black.svg" publishTime="12/19/2013 10:34:30" />
    <file relUrl="GCGWebCSS/images/icons-png/navigation-black.png" publishTime="12/19/2013 10:34:30" />
    <file relUrl="GCGWebCSS/images/icons-svg/grid-white.svg" publishTime="12/19/2013 10:34:30" />
    <file relUrl="GCGWebCSS/png/check-square-o.png" publishTime="04/01/2014 19:04:54" />
    <file relUrl="GCGWebCSS/png/link.png" publishTime="04/01/2014 19:04:54" />
    <file relUrl="GCGWebCSS/png/sort-amount-desc.png" publishTime="04/01/2014 19:04:54" />
    <file relUrl="GCGWebCSS/png/th-list.png" publishTime="04/01/2014 19:04:54" />
    <file relUrl="GCGWebCSS/png/file-text.png" publishTime="04/01/2014 19:04:54" />
    <file relUrl="GCGWebCSS/images/icons-svg/arrow-d-r-black.svg" publishTime="12/19/2013 10:34:30" />
    <file relUrl="GCGWebCSS/png/flag.png" publishTime="04/01/2014 19:04:54" />
    <file relUrl="GCGWebCSS/images/icons-png/arrow-r-black.png" publishTime="12/19/2013 10:34:30" />
    <file relUrl="GCGWebCSS/images/icons-png/arrow-d-l-black.png" publishTime="12/19/2013 10:34:30" />
    <file relUrl="GCGWebCSS/images/icons-svg/edit-black.svg" publishTime="12/19/2013 10:34:30" />
    <file relUrl="GCGWebCSS/png/arrow-circle-o-right.png" publishTime="04/01/2014 19:04:54" />
    <file relUrl="ShowDatagridsNumericOnly.aspx" publishTime="12/15/2013 14:26:56" />
    <file relUrl="GCGWebCSS/png/apple.png" publishTime="04/01/2014 19:04:54" />
    <file relUrl="GCGWebCSS/png/sort-numeric-asc.png" publishTime="04/01/2014 19:04:54" />
    <file relUrl="GCGWebCSS/images/icons-png/audio-black.png" publishTime="12/19/2013 10:34:30" />
    <file relUrl="GCGWebCSS/png/sign-in.png" publishTime="04/01/2014 19:04:54" />
    <file relUrl="GCGWebCSS/images/icons-png/carat-d-white.png" publishTime="12/19/2013 10:34:30" />
    <file relUrl="GCGWebCSS/png/flask.png" publishTime="04/01/2014 19:04:54" />
    <file relUrl="GCGWebCSS/images/icons-png/carat-u-white.png" publishTime="12/19/2013 10:34:30" />
    <file relUrl="GCGWebJS/jquery.json-2.4.min.js" publishTime="12/17/2013 22:06:04" />
    <file relUrl="GCGWebCSS/png/question-circle.png" publishTime="04/01/2014 19:04:54" />
    <file relUrl="GCGWebCSS/png/mail-forward.png" publishTime="04/01/2014 19:04:54" />
    <file relUrl="GCGWebCSS/images/icons-png/info-white.png" publishTime="12/19/2013 10:34:30" />
    <file relUrl="GCGWebCSS/images/icons-svg/carat-d-white.svg" publishTime="12/19/2013 10:34:30" />
    <file relUrl="GCGWebCSS/png/sign-out.png" publishTime="04/01/2014 19:04:54" />
    <file relUrl="GCGWebCSS/images/icons-svg/arrow-u-r-white.svg" publishTime="12/19/2013 10:34:30" />
    <file relUrl="GCGWebCSS/png/fast-backward.png" publishTime="04/01/2014 19:04:54" />
    <file relUrl="GCGC/Admin.css" publishTime="03/09/2014 13:55:44" />
    <file relUrl="GCGWebCSS/png/h-square.png" publishTime="04/01/2014 19:04:54" />
    <file relUrl="GCGWebCSS/png/lemon-o.png" publishTime="04/01/2014 19:04:54" />
    <file relUrl="GCGWebCSS/png/align-justify.png" publishTime="04/01/2014 19:04:54" />
    <file relUrl="GCGWebCSS/jquery.mobile.icons-1.4.0.css" publishTime="12/19/2013 10:34:30" />
    <file relUrl="GCGWebCSS/images/icons-png/comment-white.png" publishTime="12/19/2013 10:34:30" />
    <file relUrl="GCGWebCSS/png/random.png" publishTime="04/01/2014 19:04:54" />
    <file relUrl="GCGWebCSS/png/plus.png" publishTime="04/01/2014 19:04:54" />
    <file relUrl="GCGWebCSS/images/icons-png/arrow-u-r-white.png" publishTime="12/19/2013 10:34:30" />
    <file relUrl="GCGWebCSS/png/linkedin.png" publishTime="04/01/2014 19:04:54" />
    <file relUrl="GCGWebCSS/images/icons-png/video-white.png" publishTime="12/19/2013 10:34:30" />
    <file relUrl="GCGWebCSS/png/eye-slash.png" publishTime="04/01/2014 19:04:54" />
    <file relUrl="GCGWebCSS/png/cloud-download.png" publishTime="04/01/2014 19:04:54" />
    <file relUrl="GCGWebCSS/images/icons-png/location-white.png" publishTime="12/19/2013 10:34:30" />
    <file relUrl="GCGWebCSS/images/icons-svg/video-black.svg" publishTime="12/19/2013 10:34:30" />
    <file relUrl="GCGWebCSS/png/spinner.png" publishTime="04/01/2014 19:04:54" />
    <file relUrl="GCGWebCSS/images/icons-png/arrow-l-black.png" publishTime="12/19/2013 10:34:30" />
    <file relUrl="GCGWebCSS/images/icons-svg/refresh-white.svg" publishTime="12/19/2013 10:34:30" />
    <file relUrl="GCGWebCSS/png/tumblr-square.png" publishTime="04/01/2014 19:04:54" />
    <file relUrl="GCGWebCSS/png/usd.png" publishTime="04/01/2014 19:04:54" />
    <file relUrl="GCGWebCSS/png/compass.png" publishTime="04/01/2014 19:04:54" />
    <file relUrl="GCGWebCSS/images/icons-png/tag-white.png" publishTime="12/19/2013 10:34:30" />
    <file relUrl="GCGWebJS/jquery.blockUI.js" publishTime="12/19/2013 14:02:16" />
    <file relUrl="GCGWebCSS/png/terminal.png" publishTime="04/01/2014 19:04:54" />
    <file relUrl="GCGWebCSS/png/align-center.png" publishTime="04/01/2014 19:04:54" />
    <file relUrl="GCGWebCSS/png/barcode.png" publishTime="04/01/2014 19:04:54" />
    <file relUrl="WebService.asmx" publishTime="12/17/2013 23:59:24" />
    <file relUrl="GCGWebCSS/images/icons-svg/carat-l-black.svg" publishTime="12/19/2013 10:34:30" />
    <file relUrl="bin/Interop.SHDocVw.dll" publishTime="07/11/2014 01:20:47" />
    <file relUrl="GCGWebCSS/png/angle-right.png" publishTime="04/01/2014 19:04:54" />
    <file relUrl="GCGWebCSS/png/female.png" publishTime="04/01/2014 19:04:54" />
    <file relUrl="GCGWebCSS/images/icons-png/check-white.png" publishTime="12/19/2013 10:34:30" />
    <file relUrl="GCGWebCSS/images/icons-svg/arrow-u-l-white.svg" publishTime="12/19/2013 10:34:30" />
    <file relUrl="GCGWebCSS/png/arrow-circle-o-left.png" publishTime="04/01/2014 19:04:54" />
    <file relUrl="GCGWebCSS/png/ambulance.png" publishTime="04/01/2014 19:04:54" />
    <file relUrl="GCGWebCSS/images/icons-svg/plus-white.svg" publishTime="12/19/2013 10:34:30" />
    <file relUrl="GCGWebCSS/png/retweet.png" publishTime="04/01/2014 19:04:54" />
    <file relUrl="GCGWebCSS/png/building-o.png" publishTime="04/01/2014 19:04:54" />
    <file relUrl="GCGWebCSS/png/android.png" publishTime="04/01/2014 19:04:54" />
    <file relUrl="GCGWebCSS/png/minus-square-o.png" publishTime="04/01/2014 19:04:54" />
    <file relUrl="GCGWebCSS/png/trash-o.png" publishTime="04/01/2014 19:04:54" />
    <file relUrl="GCGWebCSS/png/underline.png" publishTime="04/01/2014 19:04:54" />
    <file relUrl="GCGWebCSS/images/icons-svg/heart-white.svg" publishTime="12/19/2013 10:34:30" />
    <file relUrl="GCGWebCSS/png/thumbs-up.png" publishTime="04/01/2014 19:04:54" />
    <file relUrl="GCGWebCSS/png/arrows.png" publishTime="04/01/2014 19:04:54" />
    <file relUrl="GCGWebCSS/images/icons-png/carat-l-black.png" publishTime="12/19/2013 10:34:30" />
    <file relUrl="GCGWebCSS/images/icons-svg/eye-white.svg" publishTime="12/19/2013 10:34:30" />
    <file relUrl="GCGWebCSS/images/icons-svg/plus-black.svg" publishTime="12/19/2013 10:34:30" />
    <file relUrl="GCGWebCSS/png/github.png" publishTime="04/01/2014 19:04:54" />
    <file relUrl="GCGWebCSS/png/share-square.png" publishTime="04/01/2014 19:04:54" />
    <file relUrl="GCGWebCSS/png/circle.png" publishTime="04/01/2014 19:04:54" />
    <file relUrl="GCGWebCSS/png/bold.png" publishTime="04/01/2014 19:04:54" />
    <file relUrl="GCGWebCSS/images/icons-png/video-black.png" publishTime="12/19/2013 10:34:30" />
    <file relUrl="GCGWebCSS/png/file.png" publishTime="04/01/2014 19:04:54" />
    <file relUrl="GCGWebCSS/images/icons-svg/recycle-white.svg" publishTime="12/19/2013 10:34:30" />
    <file relUrl="GCGWebCSS/png/bell-o.png" publishTime="04/01/2014 19:04:54" />
    <file relUrl="GCGWebCSS/images/icons-svg/minus-black.svg" publishTime="12/19/2013 10:34:30" />
    <file relUrl="ShowDatagrids.aspx" publishTime="08/13/2013 21:54:44" />
    <file relUrl="GCGWebCSS/png/flickr.png" publishTime="04/01/2014 19:04:54" />
    <file relUrl="GCGWebCSS/png/thumbs-o-up.png" publishTime="04/01/2014 19:04:54" />
    <file relUrl="GCGWebCSS/images/icons-svg/calendar-black.svg" publishTime="12/19/2013 10:34:30" />
    <file relUrl="GCGWebCSS/png/long-arrow-right.png" publishTime="04/01/2014 19:04:54" />
    <file relUrl="UUIDPurchaseDetails.aspx" publishTime="11/15/2013 00:19:36" />
    <file relUrl="GCGWebCSS/images/icons-png/bullets-black.png" publishTime="12/19/2013 10:34:30" />
    <file relUrl="GCGWebCSS/images/icons-svg/home-black.svg" publishTime="12/19/2013 10:34:30" />
    <file relUrl="GCGWebCSS/png/jpy.png" publishTime="04/01/2014 19:04:54" />
    <file relUrl="GCGWebCSS/png/sort-numeric-desc.png" publishTime="04/01/2014 19:04:54" />
    <file relUrl="GCGWebCSS/png/vk.png" publishTime="04/01/2014 19:04:54" />
    <file relUrl="GCGWebCSS/png/thumbs-o-down.png" publishTime="04/01/2014 19:04:54" />
    <file relUrl="GCGWebCSS/png/fast-forward.png" publishTime="04/01/2014 19:04:54" />
    <file relUrl="GCGWebCSS/images/icons-svg/arrow-u-r-black.svg" publishTime="12/19/2013 10:34:30" />
    <file relUrl="GCGWebCSS/images/icons-svg/arrow-l-white.svg" publishTime="12/19/2013 10:34:30" />
    <file relUrl="GCGWebCSS/png/lightbulb-o.png" publishTime="04/01/2014 19:04:54" />
    <file relUrl="GCGWebCSS/png/archive.png" publishTime="04/01/2014 19:04:54" />
    <file relUrl="GCGWebCSS/png/umbrella.png" publishTime="04/01/2014 19:04:54" />
    <file relUrl="GCGWebCSS/png/eraser.png" publishTime="04/01/2014 19:04:54" />
    <file relUrl="GCGWebCSS/images/icons-png/minus-white.png" publishTime="12/19/2013 10:34:30" />
    <file relUrl="GCGWebCSS/images/icons-svg/shop-white.svg" publishTime="12/19/2013 10:34:30" />
    <file relUrl="GCGWebCSS/images/icons-svg/carat-r-black.svg" publishTime="12/19/2013 10:34:30" />
    <file relUrl="GCGWebCSS/png/text-height.png" publishTime="04/01/2014 19:04:54" />
    <file relUrl="GCGWebJS/GCGWebExperimental.js" publishTime="12/17/2013 22:28:46" />
    <file relUrl="GCGWebCSS/jquery.mobile.inline-png-1.4.0.css" publishTime="12/19/2013 10:34:30" />
    <file relUrl="GCGWebCSS/images/icons-png/camera-black.png" publishTime="12/19/2013 10:34:30" />
    <file relUrl="GCGWebCSS/images/icons-png/star-black.png" publishTime="12/19/2013 10:34:30" />
    <file relUrl="GCGWebCSS/png/folder.png" publishTime="04/01/2014 19:04:54" />
    <file relUrl="GCGWebCSS/png/exclamation.png" publishTime="04/01/2014 19:04:54" />
    <file relUrl="GCGWebCSS/png/wrench.png" publishTime="04/01/2014 19:04:54" />
    <file relUrl="GCGWebCSS/png/glass.png" publishTime="04/01/2014 19:04:54" />
    <file relUrl="GCGWebCSS/images/icons-svg/shop-black.svg" publishTime="12/19/2013 10:34:30" />
    <file relUrl="GCGWebCSS/images/icons-svg/delete-black.svg" publishTime="12/19/2013 10:34:30" />
    <file relUrl="PopupCloser.aspx" publishTime="11/20/2013 11:05:24" />
    <file relUrl="GCGWebCSS/png/cutlery.png" publishTime="04/01/2014 19:04:54" />
    <file relUrl="GCGWebCSS/png/certificate.png" publishTime="04/01/2014 19:04:54" />
    <file relUrl="GCGWebCSS/png/pencil.png" publishTime="04/01/2014 19:04:54" />
    <file relUrl="GCGWebCSS/png/align-right.png" publishTime="04/01/2014 19:04:54" />
    <file relUrl="GCGWebCSS/png/headphones.png" publishTime="04/01/2014 19:04:54" />
    <file relUrl="GCGWebCSS/images/icons-svg/video-white.svg" publishTime="12/19/2013 10:34:30" />
    <file relUrl="GCGWebCSS/images/icons-svg/carat-l-white.svg" publishTime="12/19/2013 10:34:30" />
    <file relUrl="GCGWebCSS/png/bitcoin.png" publishTime="04/01/2014 19:04:54" />
    <file relUrl="GCGWebCSS/png/arrow-right.png" publishTime="04/01/2014 19:04:54" />
    <file relUrl="GCGWebCSS/png/facebook-square.png" publishTime="04/01/2014 19:04:54" />
    <file relUrl="GCGWebCSS/png/phone-square.png" publishTime="04/01/2014 19:04:54" />
    <file relUrl="GCGWebCSS/images/icons-svg/tag-black.svg" publishTime="12/19/2013 10:34:30" />
    <file relUrl="GCGWebCSS/png/check-circle-o.png" publishTime="04/01/2014 19:04:54" />
    <file relUrl="GCGWebCSS/png/plus-circle.png" publishTime="04/01/2014 19:04:54" />
    <file relUrl="GCGWeb.htm" publishTime="06/22/2014 01:16:13" />
    <file relUrl="GCGWebCSS/images/icons-png/alert-black.png" publishTime="12/19/2013 10:34:30" />
    <file relUrl="GCGWebCSS/png/bookmark.png" publishTime="04/01/2014 19:04:54" />
    <file relUrl="GCGWebCSS/png/pencil-square.png" publishTime="04/01/2014 19:04:54" />
    <file relUrl="GCGWebCSS/png/user-md.png" publishTime="04/01/2014 19:04:54" />
    <file relUrl="GCGWebCSS/png/cloud.png" publishTime="04/01/2014 19:04:54" />
    <file relUrl="GCGWebCSS/png/subscript.png" publishTime="04/01/2014 19:04:54" />
    <file relUrl="GCGWebImages/2.png" publishTime="12/16/2013 17:09:54" />
    <file relUrl="GCGWebCSS/images/icons-svg/action-white.svg" publishTime="12/19/2013 10:34:30" />
    <file relUrl="GCGWebCSS/png/forward.png" publishTime="04/01/2014 19:04:54" />
    <file relUrl="GCGWebCSS/images/icons-svg/power-white.svg" publishTime="12/19/2013 10:34:30" />
    <file relUrl="PopupSimulator01.aspx" publishTime="08/13/2013 23:04:53" />
    <file relUrl="GCGWebCSS/images/icons-png/carat-r-white.png" publishTime="12/19/2013 10:34:30" />
    <file relUrl="GCGWebImages/8080Purchases.jpg" publishTime="12/27/2013 23:32:42" />
    <file relUrl="GCGWebCSS/images/icons-svg/search-white.svg" publishTime="12/19/2013 10:34:30" />
    <file relUrl="GCGWebCSS/png/bitbucket.png" publishTime="04/01/2014 19:04:54" />
    <file relUrl="GCGWebCSS/png/ellipsis-v.png" publishTime="04/01/2014 19:04:54" />
    <file relUrl="GCGWebCSS/jquery.mobile.theme-1.4.0.min.css" publishTime="12/19/2013 10:34:30" />
    <file relUrl="GCGWebCSS/images/icons-png/back-white.png" publishTime="12/19/2013 10:34:30" />
    <file relUrl="GCGWebCSS/png/meh-o.png" publishTime="04/01/2014 19:04:54" />
    <file relUrl="GCGWebCSS/images/icons-svg/bars-black.svg" publishTime="12/19/2013 10:34:30" />
    <file relUrl="GCGWebCSS/png/twitter.png" publishTime="04/01/2014 19:04:54" />
    <file relUrl="GCGWebCSS/images/icons-svg/info-white.svg" publishTime="12/19/2013 10:34:30" />
    <file relUrl="GCGWebCSS/jquery.mobile.structure-1.4.0.min.css" publishTime="12/19/2013 10:34:30" />
    <file relUrl="GCGWebCSS/png/credit-card.png" publishTime="04/01/2014 19:04:54" />
    <file relUrl="GCGAdminWebWS.asmx" publishTime="01/01/2014 14:09:14" />
    <file relUrl="GCGWebCSS/images/icons-svg/star-black.svg" publishTime="12/19/2013 10:34:30" />
    <file relUrl="GCGWebCSS/png/globe3.png" publishTime="04/01/2014 19:04:54" />
    <file relUrl="GCGWebCSS/images/icons-png/action-white.png" publishTime="12/19/2013 10:34:30" />
    <file relUrl="GCGWebCSS/png/info.png" publishTime="04/01/2014 19:04:54" />
    <file relUrl="GCGWebCSS/png/hdd-o.png" publishTime="04/01/2014 19:04:54" />
    <file relUrl="GCGWebCSS/png/camera-retro.png" publishTime="04/01/2014 19:04:54" />
    <file relUrl="GCGWebImages/8080Log.jpg" publishTime="12/27/2013 23:25:56" />
    <file relUrl="GCGWebCSS/png/comments-o.png" publishTime="04/01/2014 19:04:54" />
    <file relUrl="GCGWebCSS/png/level-down.png" publishTime="04/01/2014 19:04:54" />
    <file relUrl="GCGWebCSS/images/icons-png/star-white.png" publishTime="12/19/2013 10:34:30" />
    <file relUrl="GCGWebJS/jquery.ui.draggable.js" publishTime="12/23/2013 00:27:59" />
    <file relUrl="GCGWebCSS/png/bug.png" publishTime="04/01/2014 19:04:54" />
    <file relUrl="GCGWebCSS/images/icons-svg/tag-white.svg" publishTime="12/19/2013 10:34:30" />
    <file relUrl="GCGWebCSS/images/icons-svg/bullets-white.svg" publishTime="12/19/2013 10:34:30" />
    <file relUrl="GCGWebCSS/png/play-circle-o.png" publishTime="04/01/2014 19:04:54" />
    <file relUrl="GCGWebCSS/images/icons-png/recycle-black.png" publishTime="12/19/2013 10:34:30" />
    <file relUrl="GCGWebCSS/images/icons-svg/phone-black.svg" publishTime="12/19/2013 10:34:30" />
    <file relUrl="GCGWebCSS/png/bars.png" publishTime="04/01/2014 19:04:54" />
    <file relUrl="GCGWebCSS/png/external-link3.png" publishTime="04/01/2014 19:04:54" />
    <file relUrl="GCGWebCSS/png/sort.png" publishTime="04/01/2014 19:04:54" />
    <file relUrl="GCGWebCSS/images/icons-svg/phone-white.svg" publishTime="12/19/2013 10:34:30" />
    <file relUrl="GCGWebCSS/png/save.png" publishTime="04/01/2014 19:04:54" />
    <file relUrl="GCGWebCSS/png/step-forward.png" publishTime="04/01/2014 19:04:54" />
    <file relUrl="GCGWebCSS/png/mobile.png" publishTime="04/01/2014 19:04:54" />
    <file relUrl="GCGWebCSS/images/icons-svg/arrow-d-black.svg" publishTime="12/19/2013 10:34:30" />
    <file relUrl="GCGWebCSS/images/icons-png/grid-black.png" publishTime="12/19/2013 10:34:30" />
    <file relUrl="GCGWebCSS/images/icons-svg/lock-white.svg" publishTime="12/19/2013 10:34:30" />
    <file relUrl="GCGWebCSS/png/krw.png" publishTime="04/01/2014 19:04:54" />
    <file relUrl="GCGWebCSS/png/print.png" publishTime="04/01/2014 19:04:54" />
    <file relUrl="GCGWebCSS/images/icons-svg/power-black.svg" publishTime="12/19/2013 10:34:30" />
    <file relUrl="PopupAddMessage.aspx" publishTime="08/13/2013 21:54:46" />
    <file relUrl="GCGWebCSS/png/chevron-right.png" publishTime="04/01/2014 19:04:54" />
    <file relUrl="GCGWebCSS/png/share-square-o.png" publishTime="04/01/2014 19:04:54" />
    <file relUrl="GCGWebCSS/images/icons-svg/forward-black.svg" publishTime="12/19/2013 10:34:30" />
    <file relUrl="GCGWebCSS/png/angle-double-down.png" publishTime="04/01/2014 19:04:54" />
    <file relUrl="Default.aspx" publishTime="08/13/2013 21:54:46" />
    <file relUrl="GCGWebCSS/png/columns.png" publishTime="04/01/2014 19:04:54" />
    <file relUrl="GCGWebCSS/png/filter.png" publishTime="04/01/2014 19:04:54" />
    <file relUrl="GCGWebCSS/images/icons-png/forward-white.png" publishTime="12/19/2013 10:34:30" />
    <file relUrl="GCGWebCSS/images/icons-png/tag-black.png" publishTime="12/19/2013 10:34:30" />
    <file relUrl="GCGWebCSS/images/icons-svg/search-black.svg" publishTime="12/19/2013 10:34:30" />
    <file relUrl="bin/AppAdminSite.dll" publishTime="07/11/2014 01:20:51" />
    <file relUrl="GCGWebCSS/png/files-o.png" publishTime="04/01/2014 19:04:54" />
    <file relUrl="GCGWebCSS/png/play.png" publishTime="04/01/2014 19:04:54" />
    <file relUrl="GCGWebCSS/png/power-off.png" publishTime="04/01/2014 19:04:54" />
    <file relUrl="GCGWebCSS/png/arrow-up.png" publishTime="04/01/2014 19:04:54" />
    <file relUrl="GCGWebCSS/png/arrow-circle-right.png" publishTime="04/01/2014 19:04:54" />
    <file relUrl="GCGWebCSS/png/quote-right.png" publishTime="04/01/2014 19:04:54" />
    <file relUrl="GCGWebJS/GCGWebSuppFunctions.js" publishTime="07/29/2014 00:39:47" />
    <file relUrl="GCGWebCSS/png/map-marker.png" publishTime="04/01/2014 19:04:54" />
    <file relUrl="GCGWebCSS/png/calendar.png" publishTime="04/01/2014 19:04:54" />
    <file relUrl="GCGWebCSS/images/icons-svg/eye-black.svg" publishTime="12/19/2013 10:34:30" />
    <file relUrl="GCGWebCSS/png/square-o.png" publishTime="04/01/2014 19:04:54" />
    <file relUrl="GCGWebCSS/png/location-arrow.png" publishTime="04/01/2014 19:04:54" />
    <file relUrl="GCGWebCSS/png/bullseye.png" publishTime="04/01/2014 19:04:54" />
    <file relUrl="GCGWebCSS/images/icons-png/camera-white.png" publishTime="12/19/2013 10:34:30" />
    <file relUrl="GCGWebCSS/images/icons-svg/arrow-r-white.svg" publishTime="12/19/2013 10:34:30" />
    <file relUrl="GCGWebCSS/images/icons-png/phone-black.png" publishTime="12/19/2013 10:34:30" />
    <file relUrl="GCGWebCSS/png/bell.png" publishTime="04/01/2014 19:04:54" />
    <file relUrl="GCGWebCSS/png/hospital-o.png" publishTime="04/01/2014 19:04:54" />
    <file relUrl="GCGWebCSS/png/briefcase.png" publishTime="04/01/2014 19:04:54" />
    <file relUrl="GCGWebCSS/png/chevron-circle-right.png" publishTime="04/01/2014 19:04:54" />
    <file relUrl="GCGWebCSS/png/sort-alpha-asc.png" publishTime="04/01/2014 19:04:54" />
    <file relUrl="GCGWebCSS/images/icons-svg/carat-d-black.svg" publishTime="12/19/2013 10:34:30" />
    <file relUrl="GCGWebCSS/jquery.mobile.inline-png-1.4.0.min.css" publishTime="12/19/2013 10:34:30" />
    <file relUrl="GCGWebCSS/png/suitcase.png" publishTime="04/01/2014 19:04:54" />
    <file relUrl="GCGWebCSS/png/th.png" publishTime="04/01/2014 19:04:54" />
    <file relUrl="GCGWebCSS/png/sort-alpha-desc.png" publishTime="04/01/2014 19:04:54" />
    <file relUrl="GCGWebCSS/images/icons-svg/arrow-u-l-black.svg" publishTime="12/19/2013 10:34:30" />
    <file relUrl="GCGWebCSS/png/check-circle.png" publishTime="04/01/2014 19:04:54" />
    <file relUrl="GCGWebCSS/png/quote-left.png" publishTime="04/01/2014 19:04:54" />
    <file relUrl="GCGWebCSS/images/icons-png/carat-l-white.png" publishTime="12/19/2013 10:34:30" />
    <file relUrl="GCGWebCSS/png/foursquare.png" publishTime="04/01/2014 19:04:54" />
    <file relUrl="GCGWebCSS/png/thumbs-thumb.png" publishTime="04/01/2014 19:04:54" />
    <file relUrl="GCGWebCSS/images/icons-svg/clock-black.svg" publishTime="12/19/2013 10:34:30" />
    <file relUrl="PopupIAMerchantDataEditor.aspx" publishTime="11/20/2013 13:50:13" />
    <file relUrl="GCGWebCSS/png/step-backward.png" publishTime="04/01/2014 19:04:54" />
    <file relUrl="GCGWebCSS/png/check-square.png" publishTime="04/01/2014 19:04:54" />
    <file relUrl="PopupLogin.aspx" publishTime="08/13/2013 21:54:43" />
    <file relUrl="GCGWebCSS/png/xing-square.png" publishTime="04/01/2014 19:04:54" />
    <file relUrl="GCGWebCSS/images/icons-svg/mail-black.svg" publishTime="12/19/2013 10:34:30" />
    <file relUrl="GCGWebCSS/images/icons-svg/carat-r-white.svg" publishTime="12/19/2013 10:34:30" />
    <file relUrl="GCGWebCSS/png/star-half.png" publishTime="04/01/2014 19:04:54" />
    <file relUrl="GCGWebCSS/images/icons-png/alert-white.png" publishTime="12/19/2013 10:34:30" />
    <file relUrl="GCGWebCSS/png/volume-down.png" publishTime="04/01/2014 19:04:54" />
    <file relUrl="GCGWebCSS/png/vimeo-square.png" publishTime="04/01/2014 19:04:54" />
    <file relUrl="GCGWebCSS/png/unlink.png" publishTime="04/01/2014 19:04:54" />
    <file relUrl="GCGWebCSS/png/indent.png" publishTime="04/01/2014 19:04:54" />
    <file relUrl="GCGWebCSS/png/youtube-play.png" publishTime="04/01/2014 19:04:54" />
    <file relUrl="GCGWebCSS/images/icons-png/cloud-white.png" publishTime="12/19/2013 10:34:30" />
    <file relUrl="GCGWebCSS/png/circle-o.png" publishTime="04/01/2014 19:04:54" />
    <file relUrl="GCGWebCSS/png/square.png" publishTime="04/01/2014 19:04:54" />
    <file relUrl="GCGWebCSS/images/icons-svg/grid-black.svg" publishTime="12/19/2013 10:34:30" />
    <file relUrl="GCGC/Main.aspx" publishTime="03/09/2014 13:50:43" />
    <file relUrl="GCGWebCSS/images/icons-png/bullets-white.png" publishTime="12/19/2013 10:34:30" />
    <file relUrl="GCGWebCSS/png/gears.png" publishTime="04/01/2014 19:04:54" />
    <file relUrl="GCGWebCSS/png/align-left.png" publishTime="04/01/2014 19:04:54" />
    <file relUrl="GCGWebCSS/png/minus.png" publishTime="04/01/2014 19:04:54" />
    <file relUrl="GCGWebCSS/images/icons-svg/back-white.svg" publishTime="12/19/2013 10:34:30" />
    <file relUrl="GCGWebCSS/png/video-camera.png" publishTime="04/01/2014 19:04:54" />
    <file relUrl="GCGWebCSS/images/icons-png/arrow-u-white.png" publishTime="12/19/2013 10:34:30" />
    <file relUrl="GCGWebCSS/images/icons-svg/minus-white.svg" publishTime="12/19/2013 10:34:30" />
    <file relUrl="GCGWebCSS/images/icons-png/home-black.png" publishTime="12/19/2013 10:34:30" />
    <file relUrl="PopupAnswerMoreInfo.aspx" publishTime="08/13/2013 21:54:43" />
    <file relUrl="GCGWebCSS/images/icons-svg/lock-black.svg" publishTime="12/19/2013 10:34:30" />
    <file relUrl="GCGWebCSS/png/phone.png" publishTime="04/01/2014 19:04:54" />
    <file relUrl="GCGWebCSS/png/desktop.png" publishTime="04/01/2014 19:04:54" />
    <file relUrl="GCGWebCSS/png/arrows-h.png" publishTime="04/01/2014 19:04:54" />
    <file relUrl="GCGWebCSS/png/info-circle.png" publishTime="04/01/2014 19:04:54" />
    <file relUrl="GCGWebCSS/png/thumb-tack.png" publishTime="04/01/2014 19:04:54" />
    <file relUrl="GCGWebCSS/images/icons-png/heart-white.png" publishTime="12/19/2013 10:34:30" />
    <file relUrl="GCGWebCSS/png/dribbble.png" publishTime="04/01/2014 19:04:54" />
    <file relUrl="GCGWebCSS/images/icons-svg/audio-white.svg" publishTime="12/19/2013 10:34:30" />
    <file relUrl="AllUUIDsWVersion.aspx" publishTime="08/13/2013 21:54:45" />
    <file relUrl="PopupSimulator.aspx" publishTime="08/13/2013 21:54:43" />
    <file relUrl="GCGWebCSS/images/icons-svg/carat-u-white.svg" publishTime="12/19/2013 10:34:30" />
    <file relUrl="GCGWebCSS/images/icons-png/audio-white.png" publishTime="12/19/2013 10:34:30" />
    <file relUrl="GCGWebCSS/images/icons-svg/star-white.svg" publishTime="12/19/2013 10:34:30" />
    <file relUrl="GCGWebCSS/png/star-o.png" publishTime="04/01/2014 19:04:54" />
    <file relUrl="GCGWebCSS/png/stop.png" publishTime="04/01/2014 19:04:54" />
    <file relUrl="GCGWebCSS/png/dashboard.png" publishTime="04/01/2014 19:04:54" />
    <file relUrl="GCGWebCSS/png/flag-checkered.png" publishTime="04/01/2014 19:04:54" />
    <file relUrl="GCGWebCSS/png/mail-reply-all.png" publishTime="04/01/2014 19:04:54" />
    <file relUrl="GCGWebCSS/png/rss-square.png" publishTime="04/01/2014 19:04:54" />
    <file relUrl="GCGWebCSS/jquery.mobile.external-png-1.4.0.css" publishTime="12/19/2013 10:34:30" />
    <file relUrl="GCGWebCSS/png/plus-square.png" publishTime="04/01/2014 19:04:54" />
    <file relUrl="GCGWebCSS/images/icons-svg/arrow-d-l-white.svg" publishTime="12/19/2013 10:34:30" />
    <file relUrl="GCGWebCSS/png/sort-down.png" publishTime="04/01/2014 19:04:54" />
    <file relUrl="GCGWebCSS/images/icons-svg/carat-u-black.svg" publishTime="12/19/2013 10:34:30" />
    <file relUrl="GCGWebCSS/jquery.mobile-1.4.0.css" publishTime="12/19/2013 10:34:30" />
    <file relUrl="GCGWebCSS/png/bitbucket-square.png" publishTime="04/01/2014 19:04:54" />
    <file relUrl="GCGWebCSS/png/external-link.png" publishTime="04/01/2014 19:04:54" />
    <file relUrl="GCGWebCSS/png/male.png" publishTime="04/01/2014 19:04:54" />
    <file relUrl="GCGWebCSS/images/icons-png/arrow-d-l-white.png" publishTime="12/19/2013 10:34:30" />
    <file relUrl="GCGWebCSS/png/question.png" publishTime="04/01/2014 19:04:54" />
    <file relUrl="GCGWebCSS/png/volume-up.png" publishTime="04/01/2014 19:04:54" />
    <file relUrl="IAMerchantsData.aspx" publishTime="12/07/2013 22:49:51" />
    <file relUrl="GCGWebCSS/png/minus-circle.png" publishTime="04/01/2014 19:04:54" />
    <file relUrl="GCGWebCSS/png/chevron-up.png" publishTime="04/01/2014 19:04:54" />
    <file relUrl="GCGWebCSS/png/star.png" publishTime="04/01/2014 19:04:54" />
    <file relUrl="GCGWebCSS/png/angle-double-right.png" publishTime="04/01/2014 19:04:54" />
    <file relUrl="Styles/Admin.css" publishTime="03/09/2014 13:08:31" />
    <file relUrl="GCGWebCSS/png/trello.png" publishTime="04/01/2014 19:04:54" />
    <file relUrl="DailyUUIDs.aspx" publishTime="08/13/2013 21:54:42" />
    <file relUrl="GCGWebCSS/png/camera.png" publishTime="04/01/2014 19:04:54" />
    <file relUrl="GCGWebCSS/images/icons-png/user-black.png" publishTime="12/19/2013 10:34:30" />
    <file relUrl="GCGWebCSS/images/icons-png/edit-black.png" publishTime="12/19/2013 10:34:30" />
    <file relUrl="GCGWebCSS/images/icons-svg/arrow-r-black.svg" publishTime="12/19/2013 10:34:30" />
    <file relUrl="GCGWebCSS/png/times-circle-o.png" publishTime="04/01/2014 19:04:54" />
    <file relUrl="GCGWebCSS/images/icons-svg/check-white.svg" publishTime="12/19/2013 10:34:30" />
    <file relUrl="GCGWebCSS/images/icons-png/arrow-d-black.png" publishTime="12/19/2013 10:34:30" />
    <file relUrl="GCGWebCSS/png/road.png" publishTime="04/01/2014 19:04:54" />
    <file relUrl="GCGWebCSS/png/bolt.png" publishTime="04/01/2014 19:04:54" />
    <file relUrl="GCGWebCSS/png/long-arrow-down.png" publishTime="04/01/2014 19:04:54" />
    <file relUrl="GCGWebJS/GCGWebPreGCGWebWS.js" publishTime="01/16/2014 14:41:28" />
    <file relUrl="GCGWebCSS/images/icons-png/delete-black.png" publishTime="12/19/2013 10:34:30" />
    <file relUrl="GCGWebCSS/png/long-arrow-up.png" publishTime="04/01/2014 19:04:54" />
    <file relUrl="GCGWebCSS/png/book.png" publishTime="04/01/2014 19:04:54" />
    <file relUrl="GCGWebCSS/png/chevron-circle-left.png" publishTime="04/01/2014 19:04:54" />
    <file relUrl="GCGWebCSS/png/search.png" publishTime="04/01/2014 19:04:54" />
    <file relUrl="GCGWebCSS/png/paperclip.png" publishTime="04/01/2014 19:04:54" />
    <file relUrl="GCGWebCSS/png/microphone-slash.png" publishTime="04/01/2014 19:04:54" />
    <file relUrl="GCGWebImages/3.png" publishTime="12/16/2013 17:09:54" />
    <file relUrl="GCGWebCSS/png/picture-o.png" publishTime="04/01/2014 19:04:54" />
    <file relUrl="GCGPopupTesting.htm" publishTime="04/21/2014 00:09:49" />
    <file relUrl="GCGWebCSS/images/icons-png/plus-black.png" publishTime="12/19/2013 10:34:30" />
    <file relUrl="GCGWebCSS/png/ellipsis-h.png" publishTime="04/01/2014 19:04:54" />
    <file relUrl="GCGWebCSS/images/icons-svg/gear-black.svg" publishTime="12/19/2013 10:34:30" />
    <file relUrl="PopupRequestError.aspx" publishTime="08/13/2013 21:54:43" />
    <file relUrl="GCGWebCSS/png/folder-open.png" publishTime="04/01/2014 19:04:54" />
    <file relUrl="ShowDownloadDetails.aspx" publishTime="08/13/2013 21:54:45" />
    <file relUrl="GCGWebCSS/images/icons-svg/camera-white.svg" publishTime="12/19/2013 10:34:30" />
    <file relUrl="GCGWebCSS/images/icons-svg/forbidden-black.svg" publishTime="12/19/2013 10:34:30" />
    <file relUrl="GCGWebCSS/images/icons-png/comment-black.png" publishTime="12/19/2013 10:34:30" />
    <file relUrl="GCGWebImages/1.png" publishTime="12/16/2013 17:09:54" />
    <file relUrl="GCGWebCSS/png/bar-chart-o.png" publishTime="04/01/2014 19:04:54" />
    <file relUrl="GCGWebCSS/png/user.png" publishTime="04/01/2014 19:04:54" />
    <file relUrl="GCGWebCSS/images/icons-png/back-black.png" publishTime="12/19/2013 10:34:30" />
    <file relUrl="GCGWebCSS/png/ban.png" publishTime="04/01/2014 19:04:54" />
    <file relUrl="GCGWebCSS/png/coffee.png" publishTime="04/01/2014 19:04:54" />
    <file relUrl="GCGWebCSS/png/windows.png" publishTime="04/01/2014 19:04:54" />
    <file relUrl="GCGWebCSS/png/github-square.png" publishTime="04/01/2014 19:04:54" />
    <file relUrl="PopupResponse.aspx" publishTime="08/13/2013 21:54:46" />
    <file relUrl="GCGWebCSS/png/laptop.png" publishTime="04/01/2014 19:04:54" />
    <file relUrl="GCGWebCSS/png/gear.png" publishTime="04/01/2014 19:04:54" />
    <file relUrl="GCGWebCSS/png/turkish-lira.png" publishTime="04/01/2014 19:04:54" />
    <file relUrl="GCGWebCSS/png/fighter-jet.png" publishTime="04/01/2014 19:04:54" />
    <file relUrl="GCGWebCSS/png/beer.png" publishTime="04/01/2014 19:04:54" />
    <file relUrl="GCGWebCSS/images/icons-png/bars-white.png" publishTime="12/19/2013 10:34:30" />
    <file relUrl="GCGWebCSS/png/caret-up.png" publishTime="04/01/2014 19:04:54" />
    <file relUrl="GCGWebCSS/png/refresh.png" publishTime="04/01/2014 19:04:54" />
    <file relUrl="GCGWebCSS/png/stack-exchange.png" publishTime="04/01/2014 19:04:54" />
    <file relUrl="GCGWebCSS/png/crop.png" publishTime="04/01/2014 19:04:54" />
    <file relUrl="UUIDLookupsAndPurchases.aspx" publishTime="11/10/2013 20:48:16" />
    <file relUrl="GCGWebCSS/images/icons-png/clock-black.png" publishTime="12/19/2013 10:34:30" />
    <file relUrl="GCGWebCSS/png/exchange.png" publishTime="04/01/2014 19:04:54" />
    <file relUrl="GCGWebCSS/png/upload.png" publishTime="04/01/2014 19:04:54" />
    <file relUrl="GCGWebCSS/images/icons-png/arrow-u-r-black.png" publishTime="12/19/2013 10:34:30" />
    <file relUrl="GCGWebCSS/png/file-text-o.png" publishTime="04/01/2014 19:04:54" />
    <file relUrl="GCGWebCSS/png/check.png" publishTime="04/01/2014 19:04:54" />
    <file relUrl="GCGWebCSS/png/volume-off.png" publishTime="04/01/2014 19:04:54" />
    <file relUrl="GCGWebCSS/png/compress.png" publishTime="04/01/2014 19:04:54" />
    <file relUrl="GCGWebCSS/images/icons-png/heart-black.png" publishTime="12/19/2013 10:34:30" />
    <file relUrl="GCGWebCSS/images/icons-png/arrow-d-r-white.png" publishTime="12/19/2013 10:34:30" />
    <file relUrl="GCGWebCSS/png/truck.png" publishTime="04/01/2014 19:04:54" />
    <file relUrl="GCGWebCSS/png/facebook.png" publishTime="04/01/2014 19:04:54" />
    <file relUrl="GCGWebCSS/png/download.png" publishTime="04/01/2014 19:04:54" />
    <file relUrl="GCGWebCSS/png/caret-left.png" publishTime="04/01/2014 19:04:54" />
    <file relUrl="GCGWebCSS/images/icons-png/cloud-black.png" publishTime="12/19/2013 10:34:30" />
    <file relUrl="GCGWebCSS/jqm-icon-pack-fa-builder.css" publishTime="04/01/2014 19:04:54" />
    <file relUrl="GCGWebCSS/images/icons-svg/delete-white.svg" publishTime="12/19/2013 10:34:30" />
    <file relUrl="GCGWebCSS/png/toggle-down.png" publishTime="04/01/2014 19:04:54" />
    <file relUrl="PopupAnswerCAPTCHA.aspx" publishTime="08/13/2013 21:54:43" />
    <file relUrl="GCGWebCSS/png/search-plus.png" publishTime="04/01/2014 19:04:54" />
    <file relUrl="GCGWebCSS/jqm-icon-pack-fa.css" publishTime="04/02/2014 23:44:43" />
    <file relUrl="GCGWeb.aspx" publishTime="04/24/2014 16:03:11" />
    <file relUrl="GCGWebCSS/images/icons-png/search-white.png" publishTime="12/19/2013 10:34:30" />
    <file relUrl="GCGWebCSS/png/arrow-circle-o-up.png" publishTime="04/01/2014 19:04:54" />
    <file relUrl="GCGWebCSS/png/heart.png" publishTime="04/01/2014 19:04:54" />
    <file relUrl="GCGWebCSS/png/adjust.png" publishTime="04/01/2014 19:04:54" />
    <file relUrl="GCGWebCSS/images/icons-svg/navigation-white.svg" publishTime="12/19/2013 10:34:30" />
    <file relUrl="GCGWebCSS/png/dropbox.png" publishTime="04/01/2014 19:04:54" />
    <file relUrl="GCGWebImages/6.jpg" publishTime="12/16/2013 17:09:54" />
    <file relUrl="GCGWebCSS/images/icons-png/calendar-black.png" publishTime="12/19/2013 10:34:30" />
    <file relUrl="GCGWebCSS/images/icons-png/info-black.png" publishTime="12/19/2013 10:34:30" />
    <file relUrl="GCGWebCSS/images/icons-svg/arrow-d-l-black.svg" publishTime="12/19/2013 10:34:30" />
    <file relUrl="GCGWebCSS/png/list-ul.png" publishTime="04/01/2014 19:04:54" />
    <file relUrl="GCGWebCSS/jquery.mobile.inline-svg-1.4.0.css" publishTime="12/19/2013 10:34:30" />
    <file relUrl="GCGWebCSS/png/envelope-o.png" publishTime="04/01/2014 19:04:54" />
    <file relUrl="GCGWebCSS/png/pagelines.png" publishTime="04/01/2014 19:04:54" />
    <file relUrl="GCGWebCSS/png/angle-left.png" publishTime="04/01/2014 19:04:54" />
    <file relUrl="GCGWebCSS/png/external-link-square.png" publishTime="04/01/2014 19:04:54" />
    <file relUrl="GCGWebCSS/images/icons-svg/bullets-black.svg" publishTime="12/19/2013 10:34:30" />
    <file relUrl="GCGWebCSS/images/icons-png/search-black.png" publishTime="12/19/2013 10:34:30" />
    <file relUrl="GCGWebCSS/png/key.png" publishTime="04/01/2014 19:04:54" />
    <file relUrl="GCGWebCSS/images/icons-png/arrow-d-r-black.png" publishTime="12/19/2013 10:34:30" />
    <file relUrl="GCGWebCSS/png/google-plus.png" publishTime="04/01/2014 19:04:54" />
    <file relUrl="GCGWebCSS/images/icons-png/forward-black.png" publishTime="12/19/2013 10:34:30" />
    <file relUrl="GCGWebJS/jquery.js" publishTime="12/15/2013 16:50:01" />
    <file relUrl="GCGWebCSS/png/film.png" publishTime="04/01/2014 19:04:54" />
    <file relUrl="bin/HtmlAgilityPack.dll" publishTime="08/02/2013 02:59:16" />
    <file relUrl="GCGWebCSS/png/rub.png" publishTime="04/01/2014 19:04:54" />
    <file relUrl="GCGWebCSS/images/icons-png/check-black.png" publishTime="12/19/2013 10:34:30" />
    <file relUrl="GCGWebCSS/png/eject.png" publishTime="04/01/2014 19:04:54" />
    <file relUrl="GCGWebCSS/png/gamepad.png" publishTime="04/01/2014 19:04:54" />
    <file relUrl="GCGWebCSS/png/stethoscope.png" publishTime="04/01/2014 19:04:54" />
    <file relUrl="GCGWebCSS/png/instagram.png" publishTime="04/01/2014 19:04:54" />
    <file relUrl="GCGWebCSS/png/smile-o.png" publishTime="04/01/2014 19:04:54" />
    <file relUrl="GCGWebCSS/png/skype.png" publishTime="04/01/2014 19:04:54" />
    <file relUrl="GCGWebCSS/images/icons-png/eye-white.png" publishTime="12/19/2013 10:34:30" />
    <file relUrl="GCGWebCSS/images/icons-png/clock-white.png" publishTime="12/19/2013 10:34:30" />
    <file relUrl="GCGWebCSS/images/icons-svg/home-white.svg" publishTime="12/19/2013 10:34:30" />
    <file relUrl="GCGWebCSS/png/medkit.png" publishTime="04/01/2014 19:04:54" />
    <file relUrl="GCGWebCSS/images/icons-svg/back-black.svg" publishTime="12/19/2013 10:34:30" />
    <file relUrl="GCGWebCSS/png/gavel.png" publishTime="04/01/2014 19:04:54" />
    <file relUrl="GCGWebCSS/images/icons-svg/forward-white.svg" publishTime="12/19/2013 10:34:30" />
    <file relUrl="GCGWebCSS/png/rss.png" publishTime="04/01/2014 19:04:54" />
    <file relUrl="GCGWebCSS/png/clipboard.png" publishTime="04/01/2014 19:04:54" />
    <file relUrl="GCGWebCSS/png/maxcdn.png" publishTime="04/01/2014 19:04:54" />
    <file relUrl="GCGWebCSS/png/hand-o-down.png" publishTime="04/01/2014 19:04:54" />
    <file relUrl="GCGWebCSS/png/list-alt.png" publishTime="04/01/2014 19:04:54" />
    <file relUrl="GCGWebCSS/png/hand-o-left.png" publishTime="04/01/2014 19:04:54" />
    <file relUrl="GCGWebCSS/png/twitter-square.png" publishTime="04/01/2014 19:04:54" />
    <file relUrl="GCGWebCSS/png/globe.png" publishTime="04/01/2014 19:04:54" />
    <file relUrl="GCGWebCSS/png/moon-o.png" publishTime="04/01/2014 19:04:54" />
    <file relUrl="GCGWebCSS/png/list.png" publishTime="04/01/2014 19:04:54" />
    <file relUrl="GCGWebCSS/png/list-ol.png" publishTime="04/01/2014 19:04:54" />
    <file relUrl="GCGWebCSS/images/icons-svg/heart-black.svg" publishTime="12/19/2013 10:34:30" />
    <file relUrl="GCGWebCSS/png/home.png" publishTime="04/01/2014 19:04:54" />
    <file relUrl="GCGC/Admin.Master" publishTime="03/09/2014 13:55:55" />
    <file relUrl="GCGWebCSS/png/cloud-upload.png" publishTime="04/01/2014 19:04:54" />
    <file relUrl="GCGWebCSS/png/arrow-circle-up.png" publishTime="04/01/2014 19:04:54" />
    <file relUrl="GCGWebCSS/images/icons-png/calendar-white.png" publishTime="12/19/2013 10:34:30" />
    <file relUrl="GCGWebCSS/png/hand-o-up.png" publishTime="04/01/2014 19:04:54" />
    <file relUrl="GCGWebCSS/png/bookmark-o.png" publishTime="04/01/2014 19:04:54" />
    <file relUrl="GCGWebCSS/png/gittip.png" publishTime="04/01/2014 19:04:54" />
    <file relUrl="GCGWebCSS/png/github-alt.png" publishTime="04/01/2014 19:04:54" />
    <file relUrl="GCGWebCSS/png/qrcode.png" publishTime="04/01/2014 19:04:54" />
    <file relUrl="GCGWebCSS/png/sun-o.png" publishTime="04/01/2014 19:04:54" />
    <file relUrl="GCGWebCSS/images/icons-svg/action-black.svg" publishTime="12/19/2013 10:34:30" />
    <file relUrl="GCGWebCSS/png/play-circle.png" publishTime="04/01/2014 19:04:54" />
    <file relUrl="GCGWebCSS/images/icons-png/delete-white.png" publishTime="12/19/2013 10:34:30" />
    <file relUrl="GCGWebCSS/images/ajax-loader.gif" publishTime="07/19/2013 19:18:04" />
    <file relUrl="GCGWebCSS/png/plane.png" publishTime="04/01/2014 19:04:54" />
    <file relUrl="GCGWebCSS/png/tablet.png" publishTime="04/01/2014 19:04:54" />
    <file relUrl="GCGWebCSS/images/icons-svg/location-black.svg" publishTime="12/19/2013 10:34:30" />
    <file relUrl="GCGWebCSS/images/icons-svg/arrow-d-r-white.svg" publishTime="12/19/2013 10:34:30" />
    <file relUrl="GCGWebCSS/png/group.png" publishTime="04/01/2014 19:04:54" />
    <file relUrl="GCGWebCSS/png/minus-square.png" publishTime="04/01/2014 19:04:54" />
    <file relUrl="GCGWebCSS/images/icons-png/home-white.png" publishTime="12/19/2013 10:34:30" />
    <file relUrl="GCGWebCSS/png/clock-o.png" publishTime="04/01/2014 19:04:54" />
    <file relUrl="UUIDHistory.aspx" publishTime="08/13/2013 21:54:43" />
    <file relUrl="GCGWebCSS/png/long-arrow-left.png" publishTime="04/01/2014 19:04:54" />
    <file relUrl="Admin.Master" publishTime="03/09/2014 13:15:42" />
    <file relUrl="GCGWebCSS/png/edit.png" publishTime="04/01/2014 19:04:54" />
    <file relUrl="bin/GCGCommon.dll" publishTime="07/11/2014 01:20:48" />
    <file relUrl="GCGWebCSS/png/arrows-v.png" publishTime="04/01/2014 19:04:54" />
    <file relUrl="GCGWebCSS/images/icons-svg/forbidden-white.svg" publishTime="12/19/2013 10:34:30" />
    <file relUrl="GCGWebCSS/png/arrow-down.png" publishTime="04/01/2014 19:04:54" />
    <file relUrl="GCGWebCSS/png/toggle-left.png" publishTime="04/01/2014 19:04:54" />
    <file relUrl="GCGWebImages/Transparent.gif" publishTime="01/05/2014 23:09:14" />
    <file relUrl="GCGWebCSS/images/icons-png/minus-black.png" publishTime="12/19/2013 10:34:30" />
    <file relUrl="GCGWebCSS/png/exclamation-triangle.png" publishTime="04/01/2014 19:04:54" />
    <file relUrl="GCGWebJS/jquery.mobile-1.4.0.min.js" publishTime="12/19/2013 10:34:30" />
    <file relUrl="GCGWebLogin.htm" publishTime="03/25/2014 23:07:17" />
    <file relUrl="GCGWebCSS/png/angle-down.png" publishTime="04/01/2014 19:04:54" />
    <file relUrl="web.config" publishTime="02/27/2014 23:18:00" />
    <file relUrl="GCGWebCSS/images/icons-svg/alert-black.svg" publishTime="12/19/2013 10:34:30" />
    <file relUrl="GCGWebCSS/images/icons-svg/camera-black.svg" publishTime="12/19/2013 10:34:30" />
    <file relUrl="GCGWebCSS/png/chevron-left.png" publishTime="04/01/2014 19:04:54" />
    <file relUrl="GCGWebCSS/png/code-fork.png" publishTime="04/01/2014 19:04:54" />
    <file relUrl="GCGWebCSS/png/money.png" publishTime="04/01/2014 19:04:54" />
    <file relUrl="GCGWebCSS/png/shopping-cart.png" publishTime="04/01/2014 19:04:54" />
    <file relUrl="GCGWebTester.aspx" publishTime="04/25/2014 22:46:08" />
    <file relUrl="GCGWebImages/spinner.gif" publishTime="12/28/2013 09:08:39" />
    <file relUrl="GCGWebCSS/png/font.png" publishTime="04/01/2014 19:04:54" />
    <file relUrl="GCGWebCSS/png/superscript.png" publishTime="04/01/2014 19:04:54" />
    <file relUrl="GCGWebCSS/images/icons-svg/arrow-u-white.svg" publishTime="12/19/2013 10:34:30" />
    <file relUrl="GCGWebCSS/images/icons-png/arrow-u-black.png" publishTime="12/19/2013 10:34:30" />
    <file relUrl="GCGWebCSS/images/icons-png/arrow-u-l-black.png" publishTime="12/19/2013 10:34:30" />
    <file relUrl="GCGWebCSS/png/folder-open-o.png" publishTime="04/01/2014 19:04:54" />
    <file relUrl="GCGWebCSS/images/icons-png/lock-white.png" publishTime="12/19/2013 10:34:30" />
    <file relUrl="GCGWebCSS/images/icons-png/user-white.png" publishTime="12/19/2013 10:34:30" />
    <file relUrl="GCGWebCSS/images/icons-svg/alert-white.svg" publishTime="12/19/2013 10:34:30" />
    <file relUrl="GCGWebCSS/png/adn.png" publishTime="04/01/2014 19:04:54" />
    <file relUrl="GCGWebCSS/images/icons-png/refresh-black.png" publishTime="12/19/2013 10:34:30" />
    <file relUrl="GCGWebCSS/images/icons-png/action-black.png" publishTime="12/19/2013 10:34:30" />
    <file relUrl="GCGWebCSS/png/backward.png" publishTime="04/01/2014 19:04:54" />
    <file relUrl="GCGWebCSS/images/icons-png/arrow-r-white.png" publishTime="12/19/2013 10:34:30" />
    <file relUrl="GCGWebCSS/png/angle-double-left.png" publishTime="04/01/2014 19:04:54" />
    <file relUrl="GCGWebCSS/png/heart-o.png" publishTime="04/01/2014 19:04:54" />
    <file relUrl="GCGWebCSS/png/google-plus-square.png" publishTime="04/01/2014 19:04:54" />
    <file relUrl="GCGWebCSS/png/weibo.png" publishTime="04/01/2014 19:04:54" />
    <file relUrl="GCGWebCSS/png/tag.png" publishTime="04/01/2014 19:04:54" />
    <file relUrl="GCGWebCSS/png/toggle-up.png" publishTime="04/01/2014 19:04:54" />
    <file relUrl="GCGWebWS.asmx" publishTime="01/01/2014 14:09:40" />
    <file relUrl="GCGWebCSS/images/icons-png/forbidden-black.png" publishTime="12/19/2013 10:34:30" />
    <file relUrl="GCGWebCSS/png/expand.png" publishTime="04/01/2014 19:04:54" />
    <file relUrl="GCGWebCSS/png/eye.png" publishTime="04/01/2014 19:04:54" />
    <file relUrl="PopupIASystemParamsData.aspx" publishTime="11/20/2013 14:43:21" />
    <file relUrl="GCGWebCSS/png/arrows-alt.png" publishTime="04/01/2014 19:04:54" />
    <file relUrl="GCGWebCSS/png/level-up.png" publishTime="04/01/2014 19:04:54" />
    <file relUrl="GCGWebCSS/png/keyboard-o.png" publishTime="04/01/2014 19:04:54" />
    <file relUrl="GCGWebCSS/images/icons-svg/comment-black.svg" publishTime="12/19/2013 10:34:30" />
    <file relUrl="GCGWebCSS/png/facebook3.png" publishTime="04/01/2014 19:04:54" />
    <file relUrl="Metrics.aspx" publishTime="11/20/2013 13:37:34" />
    <file relUrl="GCGWebCSS/png/plus-square-o.png" publishTime="04/01/2014 19:04:54" />
    <file relUrl="GCGWebCSS/png/chevron-down.png" publishTime="04/01/2014 19:04:54" />
    <file relUrl="GCGWebCSS/png/folder-o.png" publishTime="04/01/2014 19:04:54" />
    <file relUrl="GCGWebCSS/png/dedent.png" publishTime="04/01/2014 19:04:54" />
    <file relUrl="GCGWebCSS/jquery.mobile-1.4.0.min.css" publishTime="12/19/2013 10:34:30" />
    <file relUrl="GCGWebCSS/images/icons-svg/cloud-white.svg" publishTime="12/19/2013 10:34:30" />
    <file relUrl="GCGWebCSS/png/tags.png" publishTime="04/01/2014 19:04:54" />
    <file relUrl="GCGWebCSS/png/calendar-o.png" publishTime="04/01/2014 19:04:54" />
    <file relUrl="GCGWebCSS/jquery.mobile.theme-1.4.0.css" publishTime="12/19/2013 10:34:30" />
    <file relUrl="Diagnostics.aspx" publishTime="08/13/2013 21:54:42" />
    <file relUrl="GCGWebCSS/png/caret-down.png" publishTime="04/01/2014 19:04:54" />
    <file relUrl="GCGWebCSS/png/leaf.png" publishTime="04/01/2014 19:04:54" />
    <file relUrl="GCGWebCSS/png/sitemap.png" publishTime="04/01/2014 19:04:54" />
    <file relUrl="GCGWebCSS/images/icons-png/lock-black.png" publishTime="12/19/2013 10:34:30" />
    <file relUrl="GCGWebCSS/png/angle-up.png" publishTime="04/01/2014 19:04:54" />
    <file relUrl="GCGWebCSS/images/icons-svg/gear-white.svg" publishTime="12/19/2013 10:34:30" />
    <file relUrl="GCGWebCSS/images/icons-png/eye-black.png" publishTime="12/19/2013 10:34:30" />
    <file relUrl="GCGWebCSS/jquery.mobile.structure-1.4.0.css" publishTime="12/19/2013 10:34:30" />
    <file relUrl="GCGWebCSS/png/undo.png" publishTime="04/01/2014 19:04:54" />
    <file relUrl="GCGWebCSS/png/mail-reply.png" publishTime="04/01/2014 19:04:54" />
    <file relUrl="GCGWebImages/4.png" publishTime="12/16/2013 17:09:54" />
    <file relUrl="GCGWebCSS/png/fire-extinguisher.png" publishTime="04/01/2014 19:04:54" />
    <file relUrl="GCGWebCSS/png/italic.png" publishTime="04/01/2014 19:04:54" />
  </publishProfile>
</publishData>